{
    "Sun": {
        "position": [
            0.0,
            0.0
        ],
        "velocity": [
            -0.0,
            0.0
        ],
        "mass": 1.989e+30
    },
    "Mercury": {
        "position": [
            46715511567.428986,
            34221828241.256115
        ],
        "velocity": [
            -28011.358452879696,
            38237.72741186753
        ],
        "mass": 3.301e+23
    },
    "Venus": {
        "position": [
            -86869168232.3607,
            -64520695457.83519
        ],
        "velocity": [
            20869.112567920518,
            -28097.689239997333
        ],
        "mass": 4.867e+24
    },
    "Earth": {
        "position": [
            127259229892.74808,
            78642299846.06638
        ],
        "velocity": [
            -15665.600883534355,
            25350.12719805973
        ],
        "mass": 5.972e+24
    },
    "Mars": {
        "position": [
            -66321668535.48321,
            218074638913.28375
        ],
        "velocity": [
            -23057.279416815734,
            -7012.265389650147
        ],
        "mass": 6.417e+23
    }
}